ImageID,label
1,6
2,7
3,2
4,7
5,0
6,7
7,0
8,0
9,6
10,2
11,1
12,9
13,7
14,8
15,5
16,8
17,7
18,7
19,7
20,0
21,9
22,3
23,8
24,3
25,3
26,0
27,7
28,1
29,1
30,2
31,0
32,7
33,7
34,1
35,6
36,5
37,4
38,3
39,3
40,6
41,6
42,2
43,8
44,4
45,7
46,9
47,1
48,1
49,3
50,7
51,0
52,7
53,2
54,9
55,7
56,9
57,5
58,9
59,9
60,9
61,5
62,6
63,1
64,1
65,4
66,5
67,0
68,1
69,2
70,8
71,7
72,0
73,8
74,1
75,4
76,6
77,5
78,9
79,0
80,5
81,4
82,7
83,3
84,4
85,3
86,5
87,9
88,5
89,9
90,0
91,8
92,1
93,2
94,4
95,8
96,2
97,4
98,6
99,1
100,5
101,9
102,1
103,3
104,4
105,0
106,7
107,4
108,4
109,3
110,8
111,0
112,7
113,3
114,8
115,4
116,0
117,7
118,7
119,3
120,2
121,0
122,5
123,1
124,7
125,6
126,9
127,1
128,7
129,4
130,6
131,1
132,8
133,1
134,1
135,6
136,7
137,6
138,2
139,4
140,5
141,8
142,1
143,0
144,9
145,8
146,9
147,6
148,2
149,1
150,7
151,6
152,4
153,1
154,1
155,1
156,1
157,3
158,2
159,9
160,2
161,7
162,2
163,5
164,1
165,2
166,9
167,4
168,2
169,8
170,1
171,8
172,5
173,6
174,5
175,2
176,5
177,1
178,8
179,2
180,3
181,7
182,4
183,6
184,2
185,8
186,5
187,8
188,1
189,4
190,5
191,3
192,6
193,5
194,0
195,2
196,8
197,8
198,1
199,6
200,8
201,7
202,7
203,8
204,4
205,0
206,6
207,2
208,7
209,0
210,5
211,6
212,2
213,1
214,8
215,9
216,3
217,0
218,5
219,7
220,6
221,9
222,6
223,2
224,7
225,9
226,1
227,2
228,4
229,8
230,9
231,7
232,2
233,6
234,1
235,2
236,7
237,1
238,5
239,4
240,6
241,7
242,9
243,8
244,4
245,1
246,7
247,9
248,6
249,7
250,7
251,0
252,1
253,8
254,3
255,0
256,2
257,7
258,6
259,3
260,2
261,7
262,5
263,3
264,1
265,6
266,4
267,4
268,7
269,6
270,3
271,9
272,9
273,7
274,4
275,1
276,3
277,5
278,2
279,8
280,8
281,6
282,8
283,4
284,4
285,7
286,4
287,9
288,8
289,7
290,8
291,5
292,9
293,9
294,3
295,4
296,7
297,9
298,7
299,3
300,7
301,6
302,4
303,2
304,5
305,0
306,5
307,3
308,8
309,6
310,6
311,6
312,0
313,7
314,9
315,0
316,9
317,3
318,9
319,4
320,0
321,3
322,9
323,4
324,7
325,7
326,7
327,5
328,2
329,1
330,6
331,2
332,1
333,2
334,3
335,9
336,9
337,8
338,4
339,7
340,7
341,2
342,8
343,3
344,5
345,1
346,0
347,3
348,0
349,3
350,9
351,4
352,3
353,8
354,0
355,7
356,1
357,6
358,9
359,8
360,6
361,0
362,0
363,3
364,3
365,9
366,4
367,8
368,8
369,4
370,6
371,3
372,1
373,4
374,9
375,0
376,6
377,6
378,1
379,3
380,4
381,9
382,5
383,4
384,7
385,0
386,2
387,6
388,3
389,0
390,0
391,2
392,3
393,3
394,6
395,2
396,7
397,0
398,8
399,3
400,8
401,0
402,1
403,1
404,4
405,7
406,4
407,2
408,6
409,7
410,1
411,0
412,3
413,5
414,4
415,0
416,4
417,0
418,7
419,1
420,2
421,8
422,0
423,7
424,0
425,1
426,0
427,4
428,5
429,8
430,0
431,7
432,2
433,4
434,5
435,3
436,6
437,6
438,9
439,0
440,1
441,4
442,2
443,2
444,5
445,4
446,6
447,5
448,9
449,9
450,9
451,9
452,7
453,3
454,4
455,4
456,6
457,7
458,4
459,0
460,2
461,5
462,0
463,0
464,4
465,2
466,4
467,1
468,9
469,5
470,0
471,8
472,6
473,3
474,8
475,0
476,6
477,3
478,4
479,6
480,7
481,4
482,8
483,1
484,8
485,5
486,2
487,2
488,5
489,9
490,0
491,3
492,8
493,2
494,6
495,0
496,7
497,1
498,4
499,6
500,7
501,5
502,4
503,0
504,8
505,8
506,1
507,3
508,1
509,7
510,5
511,2
512,2
513,3
514,2
515,2
516,3
517,7
518,9
519,6
520,0
521,2
522,4
523,0
524,3
525,0
526,5
527,0
528,1
529,8
530,3
531,3
532,4
533,7
534,1
535,4
536,9
537,4
538,0
539,6
540,2
541,8
542,9
543,2
544,2
545,4
546,2
547,4
548,9
549,5
550,3
551,1
552,1
553,4
554,4
555,8
556,1
557,5
558,0
559,2
560,1
561,4
562,5
563,4
564,9
565,3
566,1
567,4
568,7
569,4
570,7
571,6
572,7
573,4
574,2
575,9
576,9
577,4
578,1
579,0
580,3
581,4
582,4
583,9
584,5
585,9
586,3
587,7
588,3
589,8
590,1
591,9
592,8
593,1
594,7
595,1
596,9
597,5
598,4
599,0
600,5
601,1
602,9
603,6
604,6
605,1
606,0
607,8
608,3
609,2
610,5
611,1
612,9
613,0
614,1
615,1
616,4
617,1
618,3
619,8
620,4
621,1
622,5
623,8
624,7
625,6
626,8
627,9
628,8
629,9
630,9
631,7
632,1
633,0
634,0
635,2
636,0
637,8
638,9
639,4
640,0
641,1
642,9
643,1
644,1
645,4
646,9
647,0
648,0
649,3
650,0
651,0
652,8
653,8
654,2
655,0
656,4
657,6
658,4
659,3
660,9
661,1
662,8
663,0
664,8
665,1
666,9
667,3
668,6
669,8
670,2
671,7
672,2
673,0
674,1
675,1
676,4
677,1
678,9
679,9
680,0
681,0
682,1
683,4
684,0
685,4
686,8
687,6
688,3
689,8
690,4
691,8
692,6
693,5
694,2
695,7
696,5
697,3
698,4
699,9
700,3
701,4
702,4
703,6
704,7
705,9
706,3
707,1
708,6
709,0
710,3
711,8
712,5
713,9
714,3
715,3
716,2
717,7
718,4
719,6
720,2
721,7
722,3
723,1
724,9
725,3
726,2
727,7
728,1
729,2
730,9
731,5
732,0
733,5
734,1
735,1
736,3
737,6
738,2
739,0
740,2
741,1
742,3
743,1
744,5
745,0
746,2
747,9
748,7
749,1
750,6
751,6
752,9
753,7
754,8
755,1
756,1
757,6
758,8
759,5
760,7
761,2
762,7
763,4
764,2
765,5
766,7
767,2
768,3
769,1
770,1
771,9
772,6
773,2
774,7
775,7
776,2
777,4
778,6
779,0
780,1
781,1
782,2
783,6
784,8
785,7
786,0
787,3
788,4
789,9
790,4
791,6
792,7
793,6
794,8
795,8
796,8
797,1
798,9
799,4
800,3
801,3
802,2
803,7
804,0
805,6
806,7
807,7
808,6
809,9
810,7
811,0
812,3
813,1
814,7
815,7
816,9
817,4
818,6
819,8
820,5
821,5
822,8
823,0
824,4
825,0
826,9
827,8
828,0
829,8
830,0
831,0
832,0
833,3
834,2
835,8
836,6
837,6
838,7
839,2
840,0
841,3
842,2
843,8
844,9
845,9
846,9
847,4
848,2
849,4
850,1
851,1
852,5
853,1
854,7
855,7
856,9
857,1
858,1
859,6
860,7
861,7
862,9
863,6
864,4
865,5
866,1
867,6
868,9
869,4
870,1
871,9
872,0
873,1
874,5
875,6
876,8
877,4
878,7
879,7
880,7
881,1
882,0
883,0
884,5
885,3
886,5
887,5
888,9
889,6
890,3
891,5
892,3
893,7
894,4
895,1
896,3
897,8
898,1
899,4
900,1
901,7
902,7
903,1
904,8
905,2
906,0
907,4
908,1
909,6
910,7
911,7
912,7
913,4
914,8
915,1
916,7
917,6
918,9
919,0
920,7
921,7
922,8
923,5
924,8
925,8
926,6
927,0
928,0
929,1
930,9
931,8
932,7
933,1
934,1
935,0
936,0
937,2
938,7
939,9
940,6
941,2
942,4
943,1
944,9
945,5
946,7
947,4
948,1
949,7
950,8
951,7
952,6
953,3
954,8
955,9
956,6
957,6
958,6
959,2
960,1
961,5
962,0
963,5
964,9
965,7
966,4
967,2
968,5
969,4
970,2
971,7
972,0
973,9
974,8
975,0
976,5
977,5
978,3
979,6
980,1
981,5
982,8
983,4
984,2
985,3
986,3
987,2
988,3
989,3
990,5
991,6
992,8
993,2
994,2
995,1
996,4
997,0
998,5
999,9
1000,8
1001,2
1002,1
1003,8
1004,2
1005,7
1006,8
1007,0
1008,0
1009,7
1010,5
1011,0
1012,8
1013,9
1014,7
1015,6
1016,0
1017,0
1018,0
1019,2
1020,0
1021,2
1022,5
1023,3
1024,3
1025,1
1026,1
1027,4
1028,8
1029,1
1030,4
1031,2
1032,8
1033,2
1034,1
1035,2
1036,8
1037,9
1038,3
1039,5
1040,1
1041,3
1042,2
1043,3
1044,0
1045,6
1046,4
1047,9
1048,7
1049,4
1050,2
1051,9
1052,4
1053,1
1054,8
1055,7
1056,2
1057,6
1058,8
1059,5
1060,9
1061,5
1062,6
1063,1
1064,6
1065,7
1066,0
1067,7
1068,1
1069,9
1070,1
1071,0
1072,6
1073,8
1074,5
1075,5
1076,1
1077,2
1078,7
1079,4
1080,7
1081,1
1082,8
1083,1
1084,6
1085,2
1086,3
1087,5
1088,2
1089,3
1090,7
1091,2
1092,3
1093,8
1094,9
1095,6
1096,2
1097,5
1098,5
1099,1
1100,2
1101,5
1102,3
1103,9
1104,2
1105,3
1106,3
1107,6
1108,8
1109,3
1110,3
1111,1
1112,2
1113,2
1114,0
1115,0
1116,1
1117,1
1118,3
1119,4
1120,1
1121,7
1122,6
1123,4
1124,7
1125,3
1126,1
1127,8
1128,8
1129,3
1130,2
1131,7
1132,2
1133,3
1134,1
1135,7
1136,6
1137,0
1138,1
1139,1
1140,5
1141,1
1142,5
1143,9
1144,0
1145,1
1146,3
1147,8
1148,4
1149,3
1150,1
1151,7
1152,8
1153,1
1154,4
1155,4
1156,3
1157,7
1158,0
1159,1
1160,2
1161,3
1162,1
1163,7
1164,9
1165,9
1166,3
1167,5
1168,8
1169,7
1170,1
1171,7
1172,5
1173,2
1174,1
1175,8
1176,5
1177,8
1178,4
1179,8
1180,9
1181,5
1182,8
1183,6
1184,5
1185,4
1186,6
1187,8
1188,5
1189,2
1190,6
1191,6
1192,5
1193,0
1194,9
1195,1
1196,3
1197,4
1198,4
1199,3
1200,0
1201,7
1202,8
1203,9
1204,4
1205,2
1206,1
1207,3
1208,1
1209,1
1210,0
1211,6
1212,2
1213,2
1214,6
1215,0
1216,7
1217,8
1218,4
1219,8
1220,8
1221,4
1222,4
1223,9
1224,0
1225,5
1226,3
1227,1
1228,4
1229,2
1230,1
1231,8
1232,1
1233,3
1234,0
1235,1
1236,9
1237,5
1238,1
1239,0
1240,7
1241,1
1242,8
1243,4
1244,5
1245,1
1246,2
1247,9
1248,3
1249,9
1250,2
1251,9
1252,9
1253,3
1254,6
1255,7
1256,2
1257,6
1258,0
1259,7
1260,8
1261,3
1262,8
1263,2
1264,1
1265,1
1266,7
1267,9
1268,1
1269,3
1270,9
1271,1
1272,2
1273,3
1274,5
1275,6
1276,1
1277,6
1278,8
1279,4
1280,7
1281,6
1282,3
1283,2
1284,1
1285,8
1286,0
1287,6
1288,2
1289,6
1290,4
1291,0
1292,4
1293,2
1294,8
1295,0
1296,2
1297,6
1298,7
1299,0
1300,6
1301,0
1302,9
1303,9
1304,2
1305,4
1306,8
1307,2
1308,9
1309,6
1310,8
1311,6
1312,4
1313,7
1314,8
1315,3
1316,7
1317,0
1318,3
1319,5
1320,5
1321,2
1322,2
1323,4
1324,6
1325,7
1326,4
1327,1
1328,9
1329,8
1330,9
1331,1
1332,7
1333,0
1334,9
1335,8
1336,3
1337,2
1338,2
1339,8
1340,3
1341,5
1342,8
1343,1
1344,4
1345,0
1346,9
1347,1
1348,7
1349,9
1350,5
1351,3
1352,6
1353,6
1354,4
1355,6
1356,9
1357,2
1358,9
1359,2
1360,6
1361,1
1362,1
1363,7
1364,5
1365,1
1366,9
1367,5
1368,6
1369,1
1370,6
1371,4
1372,9
1373,8
1374,1
1375,7
1376,1
1377,6
1378,7
1379,2
1380,0
1381,7
1382,0
1383,0
1384,7
1385,1
1386,1
1387,8
1388,7
1389,0
1390,4
1391,8
1392,5
1393,8
1394,7
1395,5
1396,8
1397,5
1398,0
1399,5
1400,4
1401,5
1402,9
1403,6
1404,1
1405,3
1406,4
1407,1
1408,6
1409,9
1410,9
1411,1
1412,8
1413,5
1414,4
1415,0
1416,3
1417,6
1418,9
1419,9
1420,6
1421,1
1422,9
1423,8
1424,2
1425,3
1426,4
1427,6
1428,5
1429,3
1430,5
1431,1
1432,8
1433,0
1434,7
1435,6
1436,3
1437,4
1438,3
1439,9
1440,8
1441,9
1442,9
1443,2
1444,4
1445,2
1446,5
1447,9
1448,3
1449,8
1450,9
1451,8
1452,2
1453,7
1454,8
1455,2
1456,0
1457,9
1458,1
1459,8
1460,8
1461,0
1462,1
1463,2
1464,3
1465,3
1466,4
1467,6
1468,8
1469,0
1470,8
1471,7
1472,5
1473,2
1474,1
1475,6
1476,2
1477,2
1478,3
1479,5
1480,5
1481,1
1482,9
1483,1
1484,9
1485,8
1486,0
1487,2
1488,7
1489,5
1490,9
1491,9
1492,6
1493,8
1494,7
1495,0
1496,7
1497,7
1498,6
1499,1
1500,2
1501,7
1502,3
1503,1
1504,5
1505,2
1506,4
1507,8
1508,0
1509,8
1510,9
1511,4
1512,9
1513,3
1514,8
1515,0
1516,6
1517,7
1518,8
1519,7
1520,8
1521,4
1522,5
1523,8
1524,6
1525,5
1526,2
1527,6
1528,6
1529,7
1530,4
1531,5
1532,0
1533,5
1534,0
1535,7
1536,3
1537,0
1538,6
1539,7
1540,7
1541,6
1542,4
1543,7
1544,6
1545,2
1546,0
1547,3
1548,6
1549,0
1550,7
1551,1
1552,7
1553,2
1554,8
1555,0
1556,7
1557,5
1558,1
1559,5
1560,3
1561,2
1562,3
1563,0
1564,7
1565,4
1566,5
1567,7
1568,6
1569,2
1570,3
1571,7
1572,5
1573,7
1574,1
1575,3
1576,3
1577,1
1578,7
1579,6
1580,9
1581,8
1582,9
1583,7
1584,1
1585,3
1586,5
1587,3
1588,4
1589,2
1590,4
1591,9
1592,6
1593,6
1594,3
1595,5
1596,7
1597,8
1598,2
1599,0
1600,4
1601,0
1602,7
1603,0
1604,1
1605,7
1606,3
1607,8
1608,8
1609,4
1610,9
1611,8
1612,5
1613,2
1614,4
1615,6
1616,3
1617,2
1618,8
1619,9
1620,0
1621,4
1622,9
1623,3
1624,2
1625,0
1626,0
1627,5
1628,7
1629,5
1630,8
1631,8
1632,3
1633,7
1634,2
1635,0
1636,6
1637,1
1638,8
1639,3
1640,1
1641,2
1642,4
1643,7
1644,4
1645,0
1646,1
1647,8
1648,8
1649,8
1650,5
1651,0
1652,9
1653,9
1654,2
1655,5
1656,8
1657,2
1658,2
1659,6
1660,2
1661,3
1662,3
1663,0
1664,8
1665,9
1666,2
1667,1
1668,3
1669,0
1670,8
1671,6
1672,0
1673,6
1674,1
1675,9
1676,0
1677,7
1678,0
1679,7
1680,1
1681,6
1682,6
1683,2
1684,1
1685,3
1686,1
1687,2
1688,1
1689,6
1690,9
1691,2
1692,6
1693,9
1694,6
1695,4
1696,2
1697,7
1698,2
1699,4
1700,0
1701,4
1702,0
1703,5
1704,7
1705,3
1706,4
1707,2
1708,5
1709,6
1710,4
1711,9
1712,1
1713,4
1714,1
1715,6
1716,0
1717,9
1718,2
1719,4
1720,5
1721,8
1722,1
1723,1
1724,6
1725,9
1726,3
1727,3
1728,4
1729,3
1730,4
1731,6
1732,0
1733,2
1734,8
1735,1
1736,8
1737,6
1738,9
1739,8
1740,8
1741,4
1742,9
1743,0
1744,1
1745,6
1746,7
1747,6
1748,1
1749,0
1750,0
1751,8
1752,1
1753,6
1754,1
1755,6
1756,1
1757,6
1758,9
1759,7
1760,7
1761,4
1762,2
1763,1
1764,6
1765,1
1766,5
1767,4
1768,8
1769,1
1770,9
1771,3
1772,7
1773,0
1774,8
1775,1
1776,6
1777,1
1778,8
1779,3
1780,5
1781,3
1782,1
1783,9
1784,3
1785,0
1786,9
1787,6
1788,0
1789,3
1790,7
1791,3
1792,9
1793,4
1794,0
1795,8
1796,6
1797,0
1798,8
1799,1
1800,8
1801,7
1802,3
1803,3
1804,1
1805,4
1806,6
1807,9
1808,3
1809,0
1810,8
1811,4
1812,1
1813,1
1814,9
1815,9
1816,9
1817,2
1818,5
1819,7
1820,7
1821,7
1822,7
1823,3
1824,9
1825,5
1826,2
1827,7
1828,7
1829,6
1830,9
1831,8
1832,4
1833,6
1834,6
1835,0
1836,9
1837,4
1838,6
1839,9
1840,5
1841,0
1842,3
1843,7
1844,4
1845,0
1846,3
1847,5
1848,6
1849,4
1850,6
1851,6
1852,4
1853,7
1854,5
1855,5
1856,0
1857,4
1858,3
1859,4
1860,3
1861,2
1862,5
1863,5
1864,7
1865,7
1866,6
1867,6
1868,6
1869,3
1870,1
1871,9
1872,1
1873,0
1874,1
1875,9
1876,9
1877,1
1878,9
1879,0
1880,1
1881,5
1882,4
1883,9
1884,0
1885,0
1886,9
1887,7
1888,0
1889,7
1890,9
1891,7
1892,5
1893,9
1894,5
1895,6
1896,1
1897,7
1898,5
1899,3
1900,6
1901,2
1902,9
1903,8
1904,1
1905,6
1906,7
1907,1
1908,7
1909,7
1910,0
1911,7
1912,0
1913,9
1914,5
1915,9
1916,4
1917,6
1918,3
1919,8
1920,0
1921,1
1922,9
1923,5
1924,5
1925,6
1926,9
1927,8
1928,7
1929,0
1930,6
1931,0
1932,5
1933,9
1934,6
1935,2
1936,1
1937,5
1938,5
1939,3
1940,3
1941,2
1942,8
1943,4
1944,8
1945,5
1946,9
1947,1
1948,0
1949,4
1950,7
1951,3
1952,1
1953,7
1954,1
1955,9
1956,1
1957,1
1958,5
1959,1
1960,2
1961,1
1962,6
1963,1
1964,7
1965,2
1966,0
1967,3
1968,3
1969,5
1970,0
1971,2
1972,9
1973,7
1974,0
1975,5
1976,1
1977,0
1978,6
1979,5
1980,3
1981,2
1982,0
1983,3
1984,4
1985,6
1986,5
1987,7
1988,4
1989,1
1990,5
1991,9
1992,0
1993,1
1994,8
1995,4
1996,0
1997,0
1998,3
1999,8
2000,3
2001,1
2002,2
2003,3
2004,7
2005,4
2006,3
2007,1
2008,8
2009,3
2010,1
2011,5
2012,5
2013,2
2014,1
2015,5
2016,6
2017,5
2018,9
2019,8
2020,9
2021,4
2022,6
2023,6
2024,6
2025,9
2026,3
2027,2
2028,8
2029,6
2030,7
2031,1
2032,1
2033,6
2034,7
2035,8
2036,9
2037,4
2038,0
2039,4
2040,7
2041,0
2042,7
2043,4
2044,7
2045,3
2046,8
2047,4
2048,8
2049,5
2050,6
2051,4
2052,3
2053,1
2054,0
2055,7
2056,9
2057,8
2058,5
2059,6
2060,3
2061,3
2062,0
2063,1
2064,0
2065,9
2066,3
2067,4
2068,7
2069,7
2070,5
2071,2
2072,0
2073,4
2074,7
2075,7
2076,5
2077,1
2078,6
2079,0
2080,8
2081,4
2082,1
2083,9
2084,6
2085,5
2086,4
2087,2
2088,5
2089,6
2090,0
2091,4
2092,7
2093,1
2094,9
2095,0
2096,3
2097,1
2098,2
2099,8
2100,0
2101,9
2102,4
2103,3
2104,4
2105,8
2106,7
2107,7
2108,4
2109,6
2110,0
2111,1
2112,6
2113,0
2114,3
2115,0
2116,1
2117,3
2118,3
2119,7
2120,7
2121,0
2122,2
2123,6
2124,3
2125,2
2126,2
2127,0
2128,2
2129,8
2130,1
2131,4
2132,8
2133,1
2134,1
2135,8
2136,7
2137,7
2138,1
2139,7
2140,4
2141,7
2142,2
2143,1
2144,5
2145,1
2146,1
2147,1
2148,6
2149,0
2150,8
2151,3
2152,5
2153,5
2154,7
2155,9
2156,1
2157,4
2158,5
2159,5
2160,0
2161,1
2162,7
2163,1
2164,5
2165,1
2166,9
2167,6
2168,4
2169,8
2170,3
2171,1
2172,4
2173,6
2174,5
2175,5
2176,9
2177,3
2178,1
2179,2
2180,9
2181,3
2182,8
2183,2
2184,3
2185,7
2186,8
2187,8
2188,4
2189,9
2190,9
2191,8
2192,1
2193,0
2194,8
2195,9
2196,3
2197,3
2198,4
2199,1
2200,6
2201,8
2202,9
2203,5
2204,2
2205,4
2206,3
2207,6
2208,5
2209,3
2210,6
2211,7
2212,4
2213,7
2214,6
2215,6
2216,6
2217,5
2218,0
2219,4
2220,5
2221,4
2222,1
2223,8
2224,9
2225,1
2226,3
2227,3
2228,1
2229,8
2230,5
2231,1
2232,0
2233,6
2234,1
2235,2
2236,4
2237,8
2238,3
2239,4
2240,0
2241,1
2242,6
2243,6
2244,4
2245,5
2246,6
2247,5
2248,5
2249,2
2250,7
2251,8
2252,7
2253,7
2254,9
2255,4
2256,4
2257,4
2258,0
2259,1
2260,6
2261,8
2262,1
2263,1
2264,8
2265,1
2266,2
2267,7
2268,4
2269,2
2270,7
2271,2
2272,3
2273,7
2274,9
2275,6
2276,8
2277,4
2278,3
2279,0
2280,2
2281,2
2282,7
2283,7
2284,2
2285,4
2286,2
2287,5
2288,5
2289,9
2290,7
2291,6
2292,9
2293,8
2294,4
2295,5
2296,1
2297,4
2298,5
2299,1
2300,7
2301,6
2302,5
2303,0
2304,6
2305,0
2306,3
2307,2
2308,1
2309,6
2310,8
2311,6
2312,3
2313,2
2314,6
2315,6
2316,6
2317,7
2318,4
2319,3
2320,0
2321,6
2322,9
2323,4
2324,3
2325,1
2326,4
2327,4
2328,2
2329,5
2330,1
2331,2
2332,3
2333,4
2334,5
2335,7
2336,1
2337,2
2338,4
2339,6
2340,3
2341,3
2342,9
2343,0
2344,4
2345,4
2346,9
2347,7
2348,2
2349,2
2350,1
2351,8
2352,1
2353,4
2354,8
2355,2
2356,9
2357,9
2358,3
2359,1
2360,1
2361,9
2362,3
2363,5
2364,0
2365,5
2366,4
2367,4
2368,2
2369,7
2370,1
2371,4
2372,5
2373,8
2374,6
2375,4
2376,8
2377,8
2378,9
2379,3
2380,6
2381,6
2382,2
2383,9
2384,6
2385,8
2386,5
2387,5
2388,6
2389,5
2390,1
2391,0
2392,1
2393,2
2394,9
2395,2
2396,2
2397,8
2398,4
2399,3
2400,8
2401,7
2402,4
2403,2
2404,0
2405,2
2406,1
2407,7
2408,2
2409,3
2410,8
2411,7
2412,7
2413,4
2414,6
2415,4
2416,5
2417,5
2418,5
2419,9
2420,0
2421,2
2422,7
2423,6
2424,2
2425,3
2426,8
2427,5
2428,8
2429,7
2430,7
2431,0
2432,8
2433,9
2434,7
2435,7
2436,4
2437,9
2438,4
2439,7
2440,9
2441,8
2442,4
2443,9
2444,9
2445,3
2446,0
2447,1
2448,1
2449,6
2450,8
2451,0
2452,7
2453,5
2454,8
2455,4
2456,3
2457,8
2458,7
2459,8
2460,3
2461,1
2462,8
2463,5
2464,3
2465,5
2466,7
2467,0
2468,3
2469,4
2470,5
2471,6
2472,2
2473,5
2474,8
2475,3
2476,4
2477,2
2478,4
2479,2
2480,1
2481,8
2482,0
2483,1
2484,9
2485,9
2486,0
2487,5
2488,0
2489,5
2490,3
2491,6
2492,6
2493,9
2494,4
2495,7
2496,0
2497,9
2498,2
2499,8
2500,7
2501,1
2502,2
2503,0
2504,1
2505,0
2506,0
2507,7
2508,9
2509,0
2510,2
2511,6
2512,4
2513,1
2514,8
2515,0
2516,0
2517,7
2518,2
2519,5
2520,3
2521,3
2522,9
2523,1
2524,9
2525,2
2526,0
2527,7
2528,4
2529,3
2530,3
2531,4
2532,1
2533,3
2534,3
2535,9
2536,1
2537,4
2538,3
2539,3
2540,4
2541,0
2542,4
2543,4
2544,3
2545,7
2546,8
2547,9
2548,9
2549,4
2550,1
2551,1
2552,2
2553,0
2554,3
2555,0
2556,9
2557,9
2558,0
2559,7
2560,2
2561,4
2562,3
2563,1
2564,8
2565,9
2566,6
2567,8
2568,3
2569,1
2570,0
2571,9
2572,1
2573,0
2574,1
2575,5
2576,7
2577,2
2578,4
2579,7
2580,9
2581,7
2582,2
2583,1
2584,9
2585,1
2586,3
2587,4
2588,0
2589,1
2590,0
2591,8
2592,2
2593,3
2594,6
2595,6
2596,2
2597,1
2598,2
2599,8
2600,0
2601,0
2602,1
2603,4
2604,2
2605,3
2606,9
2607,1
2608,4
2609,0
2610,6
2611,2
2612,3
2613,6
2614,7
2615,0
2616,9
2617,3
2618,5
2619,5
2620,7
2621,5
2622,1
2623,0
2624,2
2625,8
2626,8
2627,4
2628,1
2629,7
2630,0
2631,4
2632,0
2633,9
2634,4
2635,8
2636,7
2637,5
2638,6
2639,4
2640,7
2641,2
2642,4
2643,3
2644,5
2645,9
2646,0
2647,2
2648,3
2649,2
2650,0
2651,8
2652,3
2653,7
2654,4
2655,0
2656,8
2657,4
2658,5
2659,0
2660,4
2661,3
2662,7
2663,5
2664,7
2665,2
2666,4
2667,1
2668,7
2669,7
2670,4
2671,1
2672,7
2673,9
2674,9
2675,5
2676,5
2677,0
2678,4
2679,3
2680,9
2681,1
2682,1
2683,0
2684,1
2685,5
2686,5
2687,1
2688,3
2689,1
2690,7
2691,3
2692,1
2693,3
2694,4
2695,7
2696,8
2697,9
2698,8
2699,5
2700,3
2701,1
2702,7
2703,4
2704,5
2705,9
2706,6
2707,6
2708,0
2709,2
2710,6
2711,8
2712,1
2713,0
2714,1
2715,2
2716,6
2717,4
2718,1
2719,1
2720,5
2721,2
2722,8
2723,1
2724,9
2725,5
2726,9
2727,2
2728,1
2729,9
2730,8
2731,3
2732,4
2733,4
2734,3
2735,8
2736,7
2737,1
2738,6
2739,0
2740,1
2741,1
2742,9
2743,1
2744,3
2745,4
2746,4
2747,3
2748,3
2749,7
2750,5
2751,2
2752,5
2753,7
2754,2
2755,8
2756,9
2757,0
2758,6
2759,6
2760,6
2761,4
2762,3
2763,1
2764,3
2765,4
2766,0
2767,5
2768,9
2769,4
2770,4
2771,8
2772,2
2773,0
2774,7
2775,0
2776,7
2777,1
2778,8
2779,6
2780,3
2781,0
2782,6
2783,3
2784,0
2785,6
2786,0
2787,5
2788,9
2789,9
2790,3
2791,1
2792,2
2793,3
2794,2
2795,4
2796,4
2797,7
2798,3
2799,1
2800,2
2801,0
2802,8
2803,0
2804,4
2805,7
2806,9
2807,0
2808,4
2809,5
2810,7
2811,8
2812,4
2813,4
2814,7
2815,1
2816,0
2817,4
2818,1
2819,9
2820,0
2821,9
2822,4
2823,7
2824,2
2825,9
2826,5
2827,8
2828,6
2829,6
2830,9
2831,4
2832,3
2833,6
2834,1
2835,2
2836,4
2837,3
2838,1
2839,2
2840,7
2841,0
2842,8
2843,4
2844,7
2845,8
2846,1
2847,4
2848,0
2849,3
2850,1
2851,0
2852,9
2853,1
2854,8
2855,2
2856,8
2857,1
2858,7
2859,8
2860,5
2861,2
2862,9
2863,6
2864,8
2865,0
2866,0
2867,8
2868,8
2869,7
2870,2
2871,8
2872,7
2873,3
2874,6
2875,9
2876,1
2877,8
2878,4
2879,1
2880,7
2881,6
2882,3
2883,8
2884,6
2885,7
2886,1
2887,4
2888,4
2889,4
2890,7
2891,4
2892,0
2893,9
2894,8
2895,5
2896,0
2897,4
2898,8
2899,5
2900,7
2901,5
2902,0
2903,3
2904,5
2905,6
2906,8
2907,2
2908,6
2909,3
2910,3
2911,5
2912,5
2913,2
2914,4
2915,8
2916,6
2917,5
2918,7
2919,6
2920,5
2921,1
2922,3
2923,1
2924,3
2925,1
2926,0
2927,1
2928,9
2929,2
2930,7
2931,3
2932,1
2933,7
2934,2
2935,2
2936,3
2937,8
2938,0
2939,1
2940,6
2941,2
2942,2
2943,7
2944,9
2945,1
2946,7
2947,3
2948,7
2949,8
2950,0
2951,1
2952,3
2953,9
2954,4
2955,6
2956,3
2957,9
2958,7
2959,4
2960,2
2961,8
2962,4
2963,8
2964,1
2965,7
2966,6
2967,6
2968,7
2969,6
2970,5
2971,1
2972,2
2973,1
2974,8
2975,9
2976,8
2977,7
2978,4
2979,5
2980,2
2981,8
2982,8
2983,9
2984,0
2985,3
2986,9
2987,4
2988,1
2989,4
2990,3
2991,3
2992,4
2993,7
2994,0
2995,9
2996,6
2997,2
2998,7
2999,6
3000,3
3001,0
3002,3
3003,1
3004,8
3005,1
3006,8
3007,6
3008,6
3009,7
3010,1
3011,6
3012,4
3013,1
3014,4
3015,4
3016,3
3017,4
3018,6
3019,3
3020,5
3021,9
3022,3
3023,3
3024,1
3025,8
3026,7
3027,8
3028,2
3029,4
3030,4
3031,0
3032,5
3033,1
3034,5
3035,1
3036,3
3037,9
3038,7
3039,9
3040,4
3041,5
3042,5
3043,5
3044,7
3045,5
3046,2
3047,3
3048,0
3049,7
3050,9
3051,1
3052,7
3053,5
3054,7
3055,4
3056,3
3057,8
3058,7
3059,5
3060,2
3061,2
3062,6
3063,6
3064,4
3065,1
3066,9
3067,2
3068,3
3069,7
3070,9
3071,1
3072,1
3073,1
3074,7
3075,8
3076,1
3077,2
3078,7
3079,5
3080,6
3081,9
3082,2
3083,4
3084,7
3085,4
3086,0
3087,6
3088,5
3089,4
3090,3
3091,1
3092,2
3093,6
3094,6
3095,8
3096,9
3097,8
3098,5
3099,5
3100,1
3101,8
3102,6
3103,9
3104,2
3105,3
3106,7
3107,1
3108,6
3109,6
3110,4
3111,7
3112,8
3113,1
3114,5
3115,8
3116,2
3117,1
3118,9
3119,1
3120,8
3121,2
3122,3
3123,5
3124,6
3125,3
3126,1
3127,3
3128,0
3129,8
3130,9
3131,7
3132,8
3133,6
3134,2
3135,5
3136,9
3137,7
3138,8
3139,2
3140,8
3141,8
3142,3
3143,0
3144,9
3145,3
3146,8
3147,5
3148,2
3149,9
3150,5
3151,9
3152,5
3153,4
3154,5
3155,7
3156,1
3157,4
3158,3
3159,1
3160,2
3161,1
3162,2
3163,0
3164,4
3165,5
3166,8
3167,0
3168,7
3169,1
3170,1
3171,8
3172,3
3173,5
3174,3
3175,9
3176,8
3177,1
3178,5
3179,7
3180,8
3181,6
3182,9
3183,2
3184,8
3185,2
3186,4
3187,2
3188,4
3189,6
3190,8
3191,4
3192,0
3193,1
3194,1
3195,4
3196,2
3197,0
3198,9
3199,1
3200,7
3201,3
3202,6
3203,7
3204,7
3205,3
3206,1
3207,3
3208,1
3209,7
3210,0
3211,3
3212,0
3213,3
3214,5
3215,0
3216,7
3217,3
3218,0
3219,1
3220,4
3221,0
3222,4
3223,3
3224,9
3225,3
3226,1
3227,1
3228,9
3229,3
3230,7
3231,5
3232,5
3233,0
3234,2
3235,9
3236,7
3237,1
3238,3
3239,8
3240,3
3241,3
3242,2
3243,2
3244,0
3245,6
3246,8
3247,3
3248,5
3249,5
3250,3
3251,6
3252,4
3253,7
3254,4
3255,4
3256,4
3257,3
3258,5
3259,1
3260,4
3261,2
3262,3
3263,0
3264,2
3265,6
3266,0
3267,9
3268,4
3269,8
3270,6
3271,7
3272,8
3273,3
3274,7
3275,2
3276,2
3277,6
3278,4
3279,8
3280,9
3281,8
3282,7
3283,5
3284,9
3285,0
3286,1
3287,2
3288,5
3289,0
3290,5
3291,7
3292,7
3293,3
3294,4
3295,0
3296,2
3297,0
3298,0
3299,2
3300,9
3301,5
3302,6
3303,2
3304,6
3305,3
3306,3
3307,1
3308,7
3309,7
3310,4
3311,2
3312,0
3313,9
3314,2
3315,3
3316,1
3317,1
3318,1
3319,9
3320,1
3321,3
3322,0
3323,2
3324,3
3325,3
3326,5
3327,1
3328,5
3329,7
3330,1
3331,2
3332,0
3333,4
3334,7
3335,7
3336,5
3337,9
3338,1
3339,7
3340,5
3341,4
3342,5
3343,7
3344,6
3345,2
3346,8
3347,6
3348,5
3349,7
3350,0
3351,4
3352,2
3353,2
3354,4
3355,8
3356,1
3357,1
3358,8
3359,9
3360,8
3361,4
3362,3
3363,6
3364,8
3365,3
3366,8
3367,9
3368,1
3369,4
3370,1
3371,7
3372,5
3373,2
3374,2
3375,0
3376,5
3377,0
3378,7
3379,6
3380,0
3381,3
3382,1
3383,8
3384,7
3385,9
3386,8
3387,0
3388,3
3389,1
3390,6
3391,5
3392,0
3393,0
3394,2
3395,2
3396,8
3397,6
3398,4
3399,2
3400,9
3401,2
3402,0
3403,2
3404,1
3405,1
3406,0
3407,6
3408,9
3409,2
3410,9
3411,4
3412,5
3413,0
3414,8
3415,0
3416,1
3417,4
3418,4
3419,6
3420,9
3421,7
3422,8
3423,2
3424,0
3425,1
3426,1
3427,4
3428,4
3429,2
3430,4
3431,0
3432,9
3433,3
3434,3
3435,6
3436,3
3437,5
3438,6
3439,9
3440,9
3441,6
3442,2
3443,8
3444,7
3445,3
3446,5
3447,0
3448,6
3449,6
3450,1
3451,6
3452,3
3453,0
3454,6
3455,3
3456,3
3457,4
3458,4
3459,2
3460,1
3461,5
3462,6
3463,4
3464,4
3465,6
3466,1
3467,4
3468,8
3469,8
3470,5
3471,8
3472,1
3473,6
3474,4
3475,6
3476,1
3477,9
3478,8
3479,4
3480,2
3481,4
3482,0
3483,1
3484,9
3485,0
3486,9
3487,7
3488,4
3489,5
3490,7
3491,3
3492,2
3493,6
3494,5
3495,3
3496,5
3497,4
3498,5
3499,9
3500,7
3501,8
3502,9
3503,6
3504,9
3505,4
3506,4
3507,6
3508,1
3509,8
3510,6
3511,0
3512,5
3513,1
3514,5
3515,0
3516,4
3517,4
3518,9
3519,4
3520,5
3521,6
3522,0
3523,7
3524,1
3525,4
3526,4
3527,9
3528,7
3529,9
3530,4
3531,8
3532,8
3533,1
3534,4
3535,6
3536,0
3537,1
3538,5
3539,2
3540,7
3541,6
3542,9
3543,3
3544,4
3545,2
3546,0
3547,1
3548,6
3549,4
3550,1
3551,3
3552,9
3553,2
3554,7
3555,1
3556,3
3557,8
3558,0
3559,0
3560,4
3561,4
3562,5
3563,6
3564,4
3565,2
3566,0
3567,9
3568,1
3569,5
3570,7
3571,5
3572,1
3573,0
3574,2
3575,2
3576,4
3577,3
3578,3
3579,7
3580,3
3581,1
3582,6
3583,0
3584,3
3585,2
3586,1
3587,1
3588,4
3589,3
3590,6
3591,0
3592,1
3593,3
3594,7
3595,1
3596,7
3597,1
3598,3
3599,2
3600,9
3601,6
3602,9
3603,4
3604,1
3605,2
3606,3
3607,6
3608,3
3609,5
3610,0
3611,3
3612,8
3613,8
3614,1
3615,7
3616,9
3617,3
3618,9
3619,0
3620,5
3621,0
3622,3
3623,2
3624,1
3625,0
3626,3
3627,4
3628,9
3629,2
3630,8
3631,6
3632,9
3633,5
3634,6
3635,6
3636,2
3637,2
3638,6
3639,6
3640,4
3641,8
3642,2
3643,1
3644,1
3645,7
3646,7
3647,9
3648,0
3649,3
3650,4
3651,8
3652,5
3653,9
3654,5
3655,1
3656,6
3657,9
3658,1
3659,8
3660,2
3661,9
3662,1
3663,9
3664,8
3665,7
3666,9
3667,1
3668,2
3669,5
3670,2
3671,4
3672,4
3673,0
3674,1
3675,6
3676,0
3677,5
3678,5
3679,0
3680,6
3681,4
3682,7
3683,9
3684,6
3685,0
3686,8
3687,7
3688,5
3689,7
3690,3
3691,6
3692,9
3693,5
3694,8
3695,8
3696,5
3697,2
3698,9
3699,3
3700,3
3701,4
3702,3
3703,0
3704,1
3705,8
3706,8
3707,6
3708,9
3709,6
3710,8
3711,5
3712,9
3713,8
3714,0
3715,2
3716,9
3717,1
3718,6
3719,4
3720,1
3721,2
3722,0
3723,1
3724,5
3725,1
3726,7
3727,2
3728,5
3729,9
3730,6
3731,2
3732,3
3733,5
3734,9
3735,2
3736,1
3737,9
3738,6
3739,1
3740,1
3741,2
3742,2
3743,2
3744,1
3745,9
3746,1
3747,8
3748,1
3749,6
3750,8
3751,1
3752,5
3753,1
3754,3
3755,8
3756,6
3757,3
3758,4
3759,8
3760,8
3761,2
3762,7
3763,5
3764,6
3765,5
3766,7
3767,0
3768,3
3769,9
3770,2
3771,5
3772,3
3773,3
3774,1
3775,1
3776,9
3777,1
3778,4
3779,1
3780,7
3781,6
3782,3
3783,9
3784,9
3785,3
3786,8
3787,0
3788,3
3789,9
3790,8
3791,4
3792,9
3793,2
3794,7
3795,4
3796,2
3797,6
3798,0
3799,1
3800,2
3801,2
3802,4
3803,4
3804,1
3805,4
3806,3
3807,0
3808,1
3809,1
3810,4
3811,2
3812,2
3813,9
3814,5
3815,9
3816,2
3817,5
3818,3
3819,0
3820,4
3821,3
3822,6
3823,0
3824,6
3825,4
3826,9
3827,4
3828,9
3829,3
3830,9
3831,0
3832,2
3833,5
3834,5
3835,1
3836,7
3837,6
3838,2
3839,4
3840,3
3841,5
3842,8
3843,7
3844,7
3845,0
3846,0
3847,7
3848,3
3849,5
3850,5
3851,6
3852,7
3853,2
3854,4
3855,9
3856,1
3857,6
3858,1
3859,7
3860,7
3861,8
3862,7
3863,5
3864,3
3865,1
3866,3
3867,2
3868,0
3869,8
3870,1
3871,0
3872,6
3873,1
3874,9
3875,5
3876,8
3877,5
3878,4
3879,1
3880,2
3881,9
3882,3
3883,4
3884,1
3885,9
3886,8
3887,3
3888,5
3889,7
3890,9
3891,4
3892,1
3893,2
3894,4
3895,3
3896,2
3897,2
3898,6
3899,6
3900,2
3901,2
3902,5
3903,9
3904,7
3905,2
3906,4
3907,3
3908,9
3909,7
3910,8
3911,6
3912,7
3913,6
3914,6
3915,8
3916,6
3917,6
3918,0
3919,8
3920,1
3921,0
3922,7
3923,5
3924,2
3925,4
3926,3
3927,3
3928,3
3929,8
3930,4
3931,6
3932,5
3933,8
3934,2
3935,5
3936,7
3937,2
3938,7
3939,4
3940,5
3941,9
3942,8
3943,8
3944,4
3945,8
3946,1
3947,7
3948,2
3949,1
3950,8
3951,4
3952,2
3953,3
3954,5
3955,7
3956,8
3957,7
3958,3
3959,4
3960,4
3961,6
3962,7
3963,6
3964,9
3965,6
3966,6
3967,7
3968,9
3969,0
3970,6
3971,2
3972,5
3973,6
3974,6
3975,5
3976,1
3977,5
3978,7
3979,4
3980,1
3981,9
3982,2
3983,8
3984,9
3985,7
3986,0
3987,1
3988,4
3989,0
3990,4
3991,6
3992,1
3993,1
3994,5
3995,3
3996,7
3997,7
3998,4
3999,7
4000,1
4001,6
4002,7
4003,3
4004,3
4005,3
4006,0
4007,4
4008,3
4009,1
4010,1
4011,4
4012,2
4013,3
4014,7
4015,2
4016,5
4017,2
4018,6
4019,3
4020,7
4021,0
4022,8
4023,3
4024,7
4025,8
4026,0
4027,1
4028,1
4029,3
4030,5
4031,4
4032,1
4033,9
4034,7
4035,6
4036,7
4037,3
4038,7
4039,6
4040,0
4041,6
4042,2
4043,9
4044,5
4045,8
4046,2
4047,9
4048,0
4049,7
4050,7
4051,9
4052,3
4053,2
4054,5
4055,0
4056,3
4057,4
4058,2
4059,6
4060,3
4061,6
4062,5
4063,8
4064,4
4065,2
4066,1
4067,3
4068,0
4069,5
4070,3
4071,1
4072,0
4073,0
4074,8
4075,9
4076,0
4077,2
4078,1
4079,2
4080,9
4081,2
4082,6
4083,5
4084,7
4085,6
4086,8
4087,1
4088,0
4089,9
4090,4
4091,7
4092,0
4093,6
4094,3
4095,9
4096,3
4097,1
4098,5
4099,0
4100,6
4101,5
4102,5
4103,6
4104,1
4105,9
4106,1
4107,7
4108,4
4109,6
4110,6
4111,0
4112,1
4113,5
4114,9
4115,1
4116,7
4117,7
4118,9
4119,3
4120,6
4121,0
4122,5
4123,6
4124,9
4125,0
4126,5
4127,8
4128,0
4129,6
4130,6
4131,0
4132,2
4133,0
4134,9
4135,0
4136,5
4137,3
4138,1
4139,6
4140,0
4141,3
4142,1
4143,5
4144,0
4145,1
4146,2
4147,7
4148,3
4149,3
4150,7
4151,2
4152,8
4153,2
4154,5
4155,3
4156,4
4157,4
4158,1
4159,3
4160,8
4161,3
4162,9
4163,2
4164,2
4165,3
4166,1
4167,8
4168,0
4169,4
4170,8
4171,2
4172,5
4173,5
4174,4
4175,2
4176,7
4177,9
4178,5
4179,2
4180,5
4181,9
4182,0
4183,7
4184,7
4185,4
4186,5
4187,6
4188,2
4189,3
4190,2
4191,3
4192,1
4193,3
4194,0
4195,9
4196,5
4197,3
4198,1
4199,2
4200,2
4201,5
4202,1
4203,9
4204,7
4205,6
4206,9
4207,9
4208,2
4209,8
4210,1
4211,1
4212,3
4213,3
4214,3
4215,0
4216,7
4217,1
4218,3
4219,8
4220,2
4221,5
4222,2
4223,0
4224,9
4225,1
4226,4
4227,6
4228,7
4229,6
4230,8
4231,4
4232,9
4233,3
4234,7
4235,3
4236,3
4237,7
4238,8
4239,1
4240,7
4241,3
4242,4
4243,4
4244,1
4245,2
4246,9
4247,6
4248,4
4249,6
4250,7
4251,3
4252,3
4253,7
4254,1
4255,5
4256,3
4257,0
4258,2
4259,5
4260,1
4261,0
4262,1
4263,7
4264,6
4265,9
4266,6
4267,9
4268,9
4269,0
4270,2
4271,1
4272,4
4273,8
4274,3
4275,4
4276,7
4277,9
4278,7
4279,9
4280,4
4281,9
4282,4
4283,7
4284,2
4285,6
4286,0
4287,2
4288,4
4289,9
4290,9
4291,4
4292,7
4293,1
4294,8
4295,7
4296,8
4297,6
4298,7
4299,1
4300,7
4301,7
4302,1
4303,8
4304,3
4305,2
4306,5
4307,8
4308,5
4309,3
4310,8
4311,4
4312,5
4313,3
4314,3
4315,4
4316,9
4317,1
4318,9
4319,7
4320,2
4321,9
4322,6
4323,6
4324,0
4325,4
4326,1
4327,6
4328,8
4329,9
4330,1
4331,5
4332,1
4333,9
4334,6
4335,2
4336,8
4337,1
4338,3
4339,1
4340,2
4341,8
4342,2
4343,7
4344,9
4345,9
4346,8
4347,3
4348,5
4349,4
4350,8
4351,7
4352,8
4353,1
4354,3
4355,7
4356,3
4357,6
4358,7
4359,4
4360,8
4361,9
4362,1
4363,1
4364,7
4365,9
4366,8
4367,6
4368,9
4369,2
4370,2
4371,2
4372,6
4373,0
4374,6
4375,1
4376,0
4377,5
4378,9
4379,0
4380,5
4381,6
4382,6
4383,2
4384,1
4385,2
4386,9
4387,1
4388,2
4389,7
4390,1
4391,1
4392,0
4393,6
4394,5
4395,6
4396,4
4397,3
4398,4
4399,1
4400,2
4401,7
4402,1
4403,5
4404,3
4405,4
4406,3
4407,6
4408,4
4409,6
4410,8
4411,1
4412,8
4413,1
4414,5
4415,9
4416,9
4417,4
4418,7
4419,5
4420,9
4421,7
4422,1
4423,5
4424,6
4425,6
4426,7
4427,9
4428,5
4429,8
4430,5
4431,7
4432,1
4433,2
4434,5
4435,1
4436,1
4437,0
4438,2
4439,0
4440,7
4441,5
4442,0
4443,3
4444,5
4445,2
4446,8
4447,7
4448,5
4449,2
4450,4
4451,4
4452,2
4453,4
4454,6
4455,2
4456,7
4457,4
4458,0
4459,6
4460,2
4461,7
4462,5
4463,7
4464,6
4465,5
4466,8
4467,4
4468,0
4469,7
4470,6
4471,3
4472,8
4473,2
4474,8
4475,1
4476,6
4477,7
4478,8
4479,2
4480,9
4481,9
4482,9
4483,3
4484,3
4485,3
4486,7
4487,0
4488,7
4489,2
4490,2
4491,6
4492,8
4493,7
4494,8
4495,7
4496,4
4497,8
4498,7
4499,5
4500,0
4501,1
4502,2
4503,6
4504,9
4505,1
4506,7
4507,3
4508,4
4509,9
4510,7
4511,9
4512,6
4513,1
4514,8
4515,8
4516,8
4517,4
4518,0
4519,6
4520,3
4521,3
4522,1
4523,9
4524,9
4525,0
4526,9
4527,0
4528,8
4529,4
4530,1
4531,2
4532,1
4533,4
4534,6
4535,0
4536,2
4537,1
4538,4
4539,6
4540,9
4541,9
4542,8
4543,8
4544,4
4545,0
4546,6
4547,7
4548,9
4549,8
4550,8
4551,3
4552,2
4553,0
4554,4
4555,7
4556,6
4557,3
4558,5
4559,2
4560,0
4561,9
4562,8
4563,0
4564,0
4565,7
4566,7
4567,9
4568,0
4569,0
4570,7
4571,4
4572,3
4573,0
4574,1
4575,0
4576,4
4577,8
4578,6
4579,9
4580,8
4581,3
4582,6
4583,7
4584,0
4585,1
4586,1
4587,5
4588,7
4589,2
4590,4
4591,1
4592,9
4593,8
4594,7
4595,8
4596,6
4597,2
4598,3
4599,7
4600,8
4601,2
4602,6
4603,1
4604,3
4605,5
4606,8
4607,6
4608,3
4609,0
4610,4
4611,0
4612,5
4613,9
4614,6
4615,9
4616,5
4617,8
4618,2
4619,2
4620,4
4621,9
4622,5
4623,5
4624,7
4625,6
4626,9
4627,5
4628,7
4629,1
4630,1
4631,1
4632,4
4633,9
4634,6
4635,3
4636,7
4637,4
4638,2
4639,9
4640,2
4641,1
4642,7
4643,1
4644,6
4645,1
4646,7
4647,1
4648,8
4649,9
4650,9
4651,1
4652,9
4653,3
4654,9
4655,0
4656,4
4657,8
4658,8
4659,8
4660,1
4661,6
4662,9
4663,3
4664,3
4665,8
4666,7
4667,1
4668,2
4669,2
4670,5
4671,9
4672,3
4673,6
4674,3
4675,0
4676,9
4677,2
4678,4
4679,1
4680,9
4681,2
4682,7
4683,7
4684,1
4685,3
4686,2
4687,8
4688,9
4689,8
4690,6
4691,1
4692,0
4693,2
4694,1
4695,4
4696,5
4697,4
4698,1
4699,5
4700,0
4701,5
4702,0
4703,7
4704,6
4705,1
4706,0
4707,1
4708,2
4709,4
4710,6
4711,1
4712,8
4713,6
4714,1
4715,5
4716,8
4717,8
4718,1
4719,2
4720,5
4721,8
4722,9
4723,8
4724,2
4725,3
4726,7
4727,0
4728,8
4729,8
4730,2
4731,8
4732,6
4733,0
4734,6
4735,6
4736,9
4737,4
4738,2
4739,2
4740,9
4741,6
4742,4
4743,3
4744,3
4745,3
4746,6
4747,0
4748,8
4749,3
4750,6
4751,6
4752,5
4753,5
4754,3
4755,1
4756,1
4757,4
4758,1
4759,1
4760,3
4761,0
4762,4
4763,6
4764,3
4765,6
4766,0
4767,2
4768,2
4769,1
4770,2
4771,4
4772,2
4773,0
4774,3
4775,9
4776,3
4777,1
4778,3
4779,9
4780,6
4781,7
4782,3
4783,7
4784,0
4785,3
4786,8
4787,4
4788,8
4789,9
4790,4
4791,8
4792,4
4793,6
4794,1
4795,6
4796,4
4797,5
4798,8
4799,7
4800,9
4801,2
4802,6
4803,2
4804,5
4805,3
4806,9
4807,3
4808,4
4809,5
4810,6
4811,7
4812,8
4813,5
4814,2
4815,3
4816,2
4817,4
4818,7
4819,3
4820,1
4821,7
4822,4
4823,0
4824,9
4825,5
4826,6
4827,5
4828,1
4829,1
4830,1
4831,9
4832,0
4833,3
4834,5
4835,8
4836,2
4837,2
4838,5
4839,5
4840,8
4841,4
4842,3
4843,2
4844,4
4845,2
4846,4
4847,2
4848,1
4849,4
4850,9
4851,6
4852,9
4853,0
4854,7
4855,0
4856,1
4857,8
4858,5
4859,3
4860,1
4861,8
4862,2
4863,2
4864,6
4865,9
4866,6
4867,1
4868,8
4869,2
4870,1
4871,0
4872,2
4873,3
4874,5
4875,5
4876,0
4877,7
4878,9
4879,7
4880,1
4881,0
4882,7
4883,3
4884,0
4885,1
4886,0
4887,9
4888,2
4889,4
4890,3
4891,9
4892,6
4893,7
4894,7
4895,7
4896,5
4897,8
4898,1
4899,7
4900,5
4901,5
4902,2
4903,2
4904,2
4905,7
4906,0
4907,3
4908,7
4909,6
4910,1
4911,5
4912,2
4913,5
4914,3
4915,6
4916,6
4917,0
4918,9
4919,7
4920,7
4921,7
4922,3
4923,7
4924,3
4925,6
4926,8
4927,5
4928,8
4929,3
4930,2
4931,9
4932,7
4933,9
4934,6
4935,0
4936,5
4937,6
4938,4
4939,1
4940,4
4941,9
4942,4
4943,3
4944,2
4945,1
4946,9
4947,5
4948,8
4949,5
4950,5
4951,4
4952,2
4953,5
4954,0
4955,6
4956,6
4957,4
4958,4
4959,2
4960,0
4961,1
4962,1
4963,5
4964,6
4965,4
4966,7
4967,5
4968,2
4969,0
4970,2
4971,9
4972,5
4973,7
4974,4
4975,3
4976,1
4977,6
4978,9
4979,1
4980,5
4981,1
4982,4
4983,5
4984,5
4985,3
4986,8
4987,6
4988,4
4989,3
4990,8
4991,7
4992,0
4993,3
4994,3
4995,1
4996,1
4997,1
4998,1
4999,7
5000,8
5001,5
5002,3
5003,3
5004,6
5005,0
5006,2
5007,2
5008,2
5009,2
5010,2
5011,8
5012,7
5013,9
5014,8
5015,7
5016,5
5017,7
5018,9
5019,4
5020,9
5021,4
5022,0
5023,2
5024,4
5025,8
5026,2
5027,1
5028,4
5029,5
5030,3
5031,0
5032,4
5033,1
5034,2
5035,1
5036,5
5037,0
5038,7
5039,6
5040,6
5041,7
5042,8
5043,5
5044,5
5045,8
5046,9
5047,1
5048,9
5049,5
5050,3
5051,8
5052,2
5053,2
5054,2
5055,4
5056,8
5057,6
5058,5
5059,2
5060,5
5061,9
5062,8
5063,9
5064,2
5065,6
5066,1
5067,4
5068,4
5069,5
5070,7
5071,2
5072,3
5073,9
5074,2
5075,6
5076,5
5077,0
5078,2
5079,4
5080,2
5081,9
5082,8
5083,1
5084,4
5085,9
5086,9
5087,9
5088,9
5089,1
5090,7
5091,1
5092,4
5093,6
5094,8
5095,7
5096,1
5097,1
5098,4
5099,4
5100,7
5101,5
5102,4
5103,1
5104,0
5105,4
5106,6
5107,9
5108,3
5109,4
5110,9
5111,1
5112,8
5113,9
5114,5
5115,7
5116,2
5117,7
5118,4
5119,5
5120,8
5121,3
5122,3
5123,2
5124,2
5125,0
5126,3
5127,4
5128,2
5129,8
5130,5
5131,2
5132,4
5133,5
5134,2
5135,4
5136,3
5137,3
5138,4
5139,1
5140,6
5141,1
5142,2
5143,4
5144,6
5145,5
5146,7
5147,3
5148,3
5149,9
5150,2
5151,8
5152,7
5153,7
5154,1
5155,6
5156,0
5157,5
5158,4
5159,2
5160,2
5161,6
5162,0
5163,8
5164,6
5165,9
5166,9
5167,8
5168,9
5169,6
5170,5
5171,3
5172,4
5173,4
5174,7
5175,0
5176,0
5177,6
5178,7
5179,8
5180,9
5181,6
5182,3
5183,1
5184,4
5185,5
5186,0
5187,2
5188,8
5189,6
5190,8
5191,1
5192,5
5193,8
5194,7
5195,5
5196,6
5197,2
5198,7
5199,3
5200,2
5201,8
5202,8
5203,7
5204,6
5205,6
5206,7
5207,4
5208,8
5209,7
5210,4
5211,7
5212,3
5213,7
5214,8
5215,6
5216,2
5217,4
5218,5
5219,0
5220,5
5221,9
5222,1
5223,3
5224,0
5225,8
5226,1
5227,1
5228,2
5229,5
5230,9
5231,9
5232,7
5233,2
5234,0
5235,0
5236,2
5237,4
5238,9
5239,1
5240,4
5241,7
5242,3
5243,1
5244,3
5245,6
5246,1
5247,2
5248,8
5249,4
5250,4
5251,8
5252,2
5253,4
5254,2
5255,3
5256,6
5257,3
5258,7
5259,3
5260,7
5261,8
5262,0
5263,7
5264,5
5265,4
5266,1
5267,8
5268,9
5269,4
5270,3
5271,5
5272,9
5273,8
5274,6
5275,1
5276,7
5277,1
5278,5
5279,5
5280,5
5281,4
5282,8
5283,7
5284,3
5285,2
5286,6
5287,9
5288,4
5289,8
5290,3
5291,9
5292,8
5293,7
5294,0
5295,8
5296,0
5297,5
5298,5
5299,2
5300,3
5301,1
5302,4
5303,1
5304,3
5305,0
5306,9
5307,0
5308,2
5309,8
5310,3
5311,5
5312,5
5313,2
5314,3
5315,5
5316,7
5317,4
5318,0
5319,7
5320,4
5321,1
5322,5
5323,1
5324,3
5325,9
5326,7
5327,9
5328,7
5329,6
5330,3
5331,8
5332,8
5333,3
5334,2
5335,2
5336,5
5337,2
5338,9
5339,7
5340,1
5341,7
5342,1
5343,2
5344,1
5345,3
5346,1
5347,9
5348,4
5349,3
5350,6
5351,0
5352,6
5353,6
5354,6
5355,0
5356,4
5357,2
5358,0
5359,2
5360,1
5361,2
5362,9
5363,4
5364,5
5365,6
5366,0
5367,1
5368,4
5369,5
5370,1
5371,6
5372,6
5373,4
5374,8
5375,6
5376,8
5377,3
5378,4
5379,0
5380,2
5381,0
5382,5
5383,5
5384,7
5385,1
5386,7
5387,9
5388,3
5389,1
5390,3
5391,0
5392,1
5393,1
5394,0
5395,6
5396,6
5397,4
5398,0
5399,1
5400,2
5401,8
5402,5
5403,9
5404,9
5405,1
5406,3
5407,2
5408,0
5409,6
5410,1
5411,7
5412,5
5413,8
5414,5
5415,5
5416,6
5417,4
5418,1
5419,6
5420,0
5421,3
5422,2
5423,4
5424,9
5425,5
5426,7
5427,6
5428,0
5429,0
5430,7
5431,3
5432,3
5433,3
5434,1
5435,6
5436,0
5437,2
5438,0
5439,2
5440,7
5441,4
5442,5
5443,1
5444,5
5445,0
5446,5
5447,4
5448,1
5449,5
5450,2
5451,7
5452,0
5453,8
5454,8
5455,5
5456,5
5457,6
5458,7
5459,3
5460,7
5461,3
5462,1
5463,5
5464,3
5465,8
5466,5
5467,4
5468,9
5469,5
5470,2
5471,5
5472,7
5473,5
5474,8
5475,9
5476,9
5477,8
5478,2
5479,0
5480,8
5481,3
5482,1
5483,7
5484,2
5485,3
5486,7
5487,1
5488,4
5489,9
5490,1
5491,1
5492,2
5493,3
5494,0
5495,0
5496,4
5497,0
5498,1
5499,6
5500,0
5501,1
5502,3
5503,1
5504,9
5505,1
5506,0
5507,3
5508,4
5509,4
5510,3
5511,7
5512,2
5513,7
5514,3
5515,0
5516,7
5517,2
5518,1
5519,6
5520,8
5521,7
5522,2
5523,6
5524,1
5525,4
5526,8
5527,1
5528,6
5529,6
5530,9
5531,7
5532,0
5533,1
5534,4
5535,4
5536,0
5537,4
5538,6
5539,3
5540,8
5541,0
5542,5
5543,6
5544,6
5545,3
5546,5
5547,0
5548,8
5549,3
5550,5
5551,5
5552,7
5553,6
5554,5
5555,4
5556,5
5557,8
5558,4
5559,5
5560,7
5561,6
5562,1
5563,2
5564,7
5565,5
5566,1
5567,6
5568,1
5569,7
5570,0
5571,7
5572,5
5573,8
5574,0
5575,0
5576,6
5577,9
5578,1
5579,4
5580,8
5581,6
5582,6
5583,3
5584,1
5585,4
5586,2
5587,9
5588,2
5589,1
5590,9
5591,2
5592,5
5593,7
5594,2
5595,7
5596,9
5597,0
5598,5
5599,2
5600,7
5601,0
5602,0
5603,5
5604,7
5605,5
5606,8
5607,1
5608,1
5609,2
5610,4
5611,5
5612,3
5613,8
5614,5
5615,7
5616,8
5617,9
5618,2
5619,8
5620,4
5621,0
5622,9
5623,4
5624,6
5625,3
5626,6
5627,9
5628,9
5629,9
5630,3
5631,2
5632,1
5633,4
5634,7
5635,5
5636,1
5637,7
5638,2
5639,1
5640,1
5641,8
5642,3
5643,1
5644,6
5645,0
5646,4
5647,8
5648,9
5649,1
5650,1
5651,4
5652,5
5653,4
5654,5
5655,7
5656,4
5657,4
5658,1
5659,7
5660,4
5661,8
5662,9
5663,2
5664,9
5665,8
5666,0
5667,6
5668,4
5669,7
5670,7
5671,8
5672,2
5673,4
5674,8
5675,0
5676,9
5677,2
5678,0
5679,5
5680,5
5681,2
5682,8
5683,0
5684,5
5685,5
5686,6
5687,0
5688,9
5689,3
5690,3
5691,1
5692,6
5693,6
5694,1
5695,2
5696,7
5697,8
5698,6
5699,5
5700,3
5701,3
5702,8
5703,3
5704,3
5705,8
5706,6
5707,1
5708,2
5709,8
5710,1
5711,8
5712,3
5713,7
5714,6
5715,5
5716,2
5717,3
5718,9
5719,5
5720,3
5721,8
5722,2
5723,2
5724,7
5725,8
5726,2
5727,7
5728,0
5729,8
5730,5
5731,0
5732,4
5733,6
5734,2
5735,1
5736,8
5737,1
5738,8
5739,9
5740,4
5741,2
5742,6
5743,9
5744,5
5745,5
5746,8
5747,2
5748,7
5749,0
5750,0
5751,8
5752,3
5753,2
5754,6
5755,1
5756,6
5757,5
5758,0
5759,0
5760,8
5761,9
5762,7
5763,3
5764,0
5765,8
5766,2
5767,5
5768,9
5769,7
5770,5
5771,0
5772,8
5773,7
5774,5
5775,1
5776,9
5777,9
5778,7
5779,6
5780,4
5781,9
5782,2
5783,2
5784,5
5785,9
5786,3
5787,9
5788,9
5789,9
5790,4
5791,7
5792,4
5793,9
5794,6
5795,8
5796,6
5797,0
5798,7
5799,4
5800,9
5801,4
5802,4
5803,3
5804,6
5805,3
5806,4
5807,1
5808,5
5809,8
5810,0
5811,0
5812,9
5813,0
5814,8
5815,2
5816,9
5817,9
5818,8
5819,8
5820,8
5821,5
5822,9
5823,0
5824,5
5825,4
5826,1
5827,1
5828,1
5829,5
5830,3
5831,6
5832,3
5833,2
5834,7
5835,5
5836,3
5837,7
5838,6
5839,0
5840,7
5841,6
5842,7
5843,3
5844,2
5845,2
5846,3
5847,6
5848,7
5849,2
5850,5
5851,8
5852,1
5853,8
5854,4
5855,1
5856,2
5857,0
5858,7
5859,9
5860,3
5861,6
5862,4
5863,0
5864,8
5865,4
5866,9
5867,9
5868,7
5869,5
5870,6
5871,3
5872,9
5873,3
5874,0
5875,6
5876,5
5877,3
5878,1
5879,1
5880,2
5881,7
5882,6
5883,8
5884,7
5885,4
5886,5
5887,9
5888,2
5889,1
5890,0
5891,6
5892,6
5893,3
5894,2
5895,5
5896,2
5897,4
5898,3
5899,9
5900,3
5901,8
5902,7
5903,9
5904,0
5905,6
5906,2
5907,0
5908,1
5909,1
5910,6
5911,7
5912,1
5913,3
5914,7
5915,8
5916,0
5917,3
5918,5
5919,2
5920,3
5921,5
5922,6
5923,1
5924,6
5925,2
5926,6
5927,5
5928,0
5929,5
5930,7
5931,7
5932,9
5933,9
5934,8
5935,8
5936,2
5937,0
5938,7
5939,1
5940,8
5941,2
5942,2
5943,6
5944,6
5945,8
5946,4
5947,4
5948,5
5949,9
5950,5
5951,1
5952,4
5953,3
5954,0
5955,7
5956,6
5957,1
5958,2
5959,3
5960,6
5961,8
5962,6
5963,3
5964,0
5965,4
5966,5
5967,6
5968,2
5969,2
5970,2
5971,9
5972,9
5973,1
5974,5
5975,4
5976,6
5977,2
5978,6
5979,6
5980,3
5981,5
5982,0
5983,8
5984,4
5985,0
5986,7
5987,0
5988,9
5989,1
5990,0
5991,1
5992,1
5993,5
5994,0
5995,9
5996,3
5997,1
5998,6
5999,0
6000,8
6001,9
6002,1
6003,2
6004,6
6005,9
6006,6
6007,6
6008,4
6009,7
6010,4
6011,7
6012,5
6013,9
6014,2
6015,9
6016,0
6017,2
6018,0
6019,3
6020,8
6021,4
6022,8
6023,5
6024,6
6025,3
6026,7
6027,1
6028,4
6029,6
6030,8
6031,4
6032,3
6033,8
6034,3
6035,0
6036,5
6037,1
6038,4
6039,0
6040,1
6041,7
6042,7
6043,2
6044,0
6045,0
6046,7
6047,8
6048,0
6049,0
6050,1
6051,0
6052,2
6053,5
6054,3
6055,3
6056,2
6057,1
6058,7
6059,5
6060,3
6061,0
6062,3
6063,0
6064,8
6065,2
6066,9
6067,7
6068,6
6069,2
6070,7
6071,1
6072,1
6073,1
6074,5
6075,1
6076,5
6077,2
6078,5
6079,5
6080,7
6081,5
6082,4
6083,0
6084,1
6085,5
6086,9
6087,5
6088,2
6089,9
6090,8
6091,5
6092,4
6093,7
6094,6
6095,8
6096,7
6097,8
6098,9
6099,1
6100,4
6101,4
6102,4
6103,9
6104,8
6105,4
6106,7
6107,5
6108,8
6109,9
6110,3
6111,2
6112,2
6113,5
6114,8
6115,8
6116,5
6117,9
6118,6
6119,3
6120,4
6121,9
6122,4
6123,0
6124,2
6125,9
6126,9
6127,8
6128,3
6129,2
6130,0
6131,1
6132,4
6133,8
6134,5
6135,3
6136,2
6137,9
6138,4
6139,1
6140,3
6141,7
6142,3
6143,4
6144,2
6145,9
6146,3
6147,7
6148,0
6149,2
6150,4
6151,5
6152,0
6153,6
6154,2
6155,1
6156,0
6157,7
6158,6
6159,7
6160,8
6161,7
6162,7
6163,8
6164,2
6165,4
6166,0
6167,8
6168,1
6169,9
6170,1
6171,6
6172,3
6173,4
6174,9
6175,5
6176,6
6177,8
6178,5
6179,8
6180,5
6181,9
6182,8
6183,9
6184,7
6185,6
6186,6
6187,6
6188,0
6189,7
6190,2
6191,0
6192,5
6193,0
6194,2
6195,8
6196,0
6197,4
6198,1
6199,3
6200,4
6201,2
6202,9
6203,4
6204,6
6205,7
6206,3
6207,0
6208,2
6209,5
6210,0
6211,2
6212,5
6213,9
6214,0
6215,2
6216,8
6217,3
6218,9
6219,9
6220,1
6221,1
6222,9
6223,9
6224,9
6225,2
6226,1
6227,5
6228,7
6229,7
6230,5
6231,4
6232,7
6233,0
6234,9
6235,9
6236,0
6237,5
6238,1
6239,2
6240,2
6241,2
6242,6
6243,6
6244,7
6245,0
6246,9
6247,5
6248,4
6249,9
6250,1
6251,6
6252,7
6253,6
6254,6
6255,4
6256,5
6257,4
6258,9
6259,5
6260,3
6261,9
6262,8
6263,0
6264,4
6265,0
6266,0
6267,2
6268,2
6269,1
6270,2
6271,1
6272,2
6273,3
6274,4
6275,3
6276,2
6277,3
6278,1
6279,5
6280,0
6281,8
6282,6
6283,1
6284,0
6285,2
6286,1
6287,4
6288,6
6289,3
6290,8
6291,6
6292,6
6293,1
6294,8
6295,3
6296,6
6297,2
6298,2
6299,2
6300,0
6301,1
6302,4
6303,6
6304,9
6305,5
6306,7
6307,4
6308,4
6309,4
6310,2
6311,2
6312,8
6313,6
6314,1
6315,1
6316,2
6317,7
6318,0
6319,7
6320,8
6321,5
6322,7
6323,0
6324,0
6325,2
6326,8
6327,5
6328,8
6329,4
6330,7
6331,7
6332,7
6333,4
6334,7
6335,6
6336,1
6337,1
6338,8
6339,3
6340,8
6341,4
6342,3
6343,1
6344,7
6345,0
6346,1
6347,4
6348,5
6349,3
6350,8
6351,6
6352,8
6353,9
6354,9
6355,1
6356,8
6357,9
6358,7
6359,1
6360,0
6361,0
6362,2
6363,0
6364,1
6365,8
6366,3
6367,5
6368,4
6369,9
6370,9
6371,5
6372,1
6373,5
6374,0
6375,4
6376,3
6377,0
6378,1
6379,4
6380,9
6381,3
6382,2
6383,7
6384,2
6385,4
6386,5
6387,0
6388,0
6389,6
6390,0
6391,5
6392,0
6393,0
6394,4
6395,8
6396,0
6397,0
6398,3
6399,4
6400,1
6401,1
6402,1
6403,0
6404,1
6405,6
6406,2
6407,6
6408,0
6409,1
6410,3
6411,9
6412,5
6413,7
6414,8
6415,0
6416,6
6417,6
6418,2
6419,6
6420,9
6421,1
6422,4
6423,4
6424,4
6425,8
6426,2
6427,9
6428,2
6429,8
6430,6
6431,0
6432,0
6433,9
6434,8
6435,9
6436,4
6437,9
6438,4
6439,9
6440,2
6441,3
6442,3
6443,1
6444,0
6445,1
6446,7
6447,6
6448,3
6449,3
6450,7
6451,2
6452,0
6453,3
6454,3
6455,9
6456,4
6457,5
6458,3
6459,6
6460,1
6461,0
6462,9
6463,2
6464,3
6465,0
6466,3
6467,8
6468,2
6469,1
6470,3
6471,8
6472,7
6473,3
6474,6
6475,8
6476,4
6477,2
6478,8
6479,6
6480,4
6481,3
6482,4
6483,2
6484,0
6485,0
6486,0
6487,9
6488,1
6489,9
6490,7
6491,7
6492,8
6493,3
6494,1
6495,5
6496,5
6497,9
6498,8
6499,4
6500,3
6501,6
6502,6
6503,3
6504,9
6505,7
6506,4
6507,5
6508,2
6509,3
6510,6
6511,9
6512,6
6513,1
6514,6
6515,5
6516,9
6517,2
6518,2
6519,3
6520,2
6521,6
6522,3
6523,0
6524,8
6525,9
6526,6
6527,6
6528,3
6529,9
6530,9
6531,8
6532,7
6533,8
6534,6
6535,3
6536,2
6537,0
6538,5
6539,7
6540,3
6541,6
6542,1
6543,0
6544,8
6545,7
6546,6
6547,2
6548,7
6549,9
6550,6
6551,1
6552,7
6553,9
6554,9
6555,7
6556,1
6557,5
6558,8
6559,5
6560,8
6561,6
6562,3
6563,2
6564,4
6565,7
6566,5
6567,7
6568,8
6569,9
6570,0
6571,2
6572,1
6573,1
6574,2
6575,3
6576,4
6577,0
6578,0
6579,0
6580,7
6581,5
6582,7
6583,3
6584,6
6585,1
6586,8
6587,0
6588,7
6589,7
6590,4
6591,1
6592,4
6593,0
6594,8
6595,7
6596,3
6597,1
6598,0
6599,5
6600,3
6601,6
6602,5
6603,7
6604,2
6605,0
6606,6
6607,3
6608,2
6609,7
6610,2
6611,4
6612,8
6613,2
6614,7
6615,4
6616,1
6617,4
6618,8
6619,2
6620,0
6621,5
6622,4
6623,1
6624,1
6625,7
6626,9
6627,8
6628,8
6629,8
6630,4
6631,8
6632,9
6633,8
6634,6
6635,3
6636,0
6637,1
6638,8
6639,4
6640,4
6641,8
6642,6
6643,5
6644,7
6645,8
6646,7
6647,7
6648,5
6649,8
6650,7
6651,0
6652,7
6653,7
6654,3
6655,2
6656,2
6657,7
6658,4
6659,9
6660,0
6661,1
6662,1
6663,9
6664,9
6665,3
6666,4
6667,0
6668,2
6669,8
6670,9
6671,9
6672,8
6673,6
6674,2
6675,8
6676,1
6677,3
6678,2
6679,9
6680,9
6681,8
6682,0
6683,5
6684,9
6685,8
6686,9
6687,1
6688,7
6689,3
6690,1
6691,8
6692,0
6693,7
6694,6
6695,9
6696,1
6697,7
6698,9
6699,7
6700,9
6701,3
6702,4
6703,1
6704,1
6705,0
6706,2
6707,4
6708,9
6709,7
6710,8
6711,3
6712,9
6713,3
6714,3
6715,1
6716,3
6717,3
6718,6
6719,1
6720,0
6721,2
6722,5
6723,1
6724,3
6725,8
6726,7
6727,0
6728,9
6729,9
6730,7
6731,9
6732,9
6733,5
6734,9
6735,1
6736,5
6737,2
6738,7
6739,1
6740,2
6741,3
6742,7
6743,5
6744,0
6745,3
6746,1
6747,8
6748,0
6749,3
6750,5
6751,0
6752,8
6753,1
6754,4
6755,2
6756,4
6757,3
6758,0
6759,0
6760,5
6761,1
6762,5
6763,7
6764,1
6765,6
6766,1
6767,7
6768,7
6769,2
6770,7
6771,9
6772,9
6773,9
6774,2
6775,7
6776,8
6777,6
6778,7
6779,7
6780,9
6781,9
6782,8
6783,2
6784,1
6785,9
6786,0
6787,6
6788,0
6789,3
6790,9
6791,9
6792,0
6793,9
6794,0
6795,4
6796,0
6797,9
6798,5
6799,2
6800,5
6801,9
6802,8
6803,2
6804,7
6805,1
6806,4
6807,4
6808,2
6809,9
6810,5
6811,2
6812,2
6813,2
6814,2
6815,7
6816,1
6817,8
6818,8
6819,5
6820,9
6821,1
6822,8
6823,3
6824,2
6825,9
6826,8
6827,6
6828,8
6829,3
6830,5
6831,2
6832,8
6833,8
6834,1
6835,5
6836,8
6837,3
6838,1
6839,4
6840,7
6841,9
6842,4
6843,4
6844,6
6845,2
6846,4
6847,2
6848,3
6849,5
6850,3
6851,4
6852,9
6853,0
6854,0
6855,6
6856,3
6857,9
6858,5
6859,2
6860,8
6861,2
6862,9
6863,3
6864,2
6865,8
6866,1
6867,7
6868,7
6869,1
6870,9
6871,0
6872,7
6873,1
6874,8
6875,4
6876,6
6877,8
6878,0
6879,8
6880,8
6881,9
6882,9
6883,7
6884,7
6885,0
6886,7
6887,8
6888,7
6889,5
6890,1
6891,7
6892,4
6893,2
6894,4
6895,2
6896,5
6897,7
6898,0
6899,7
6900,1
6901,7
6902,4
6903,4
6904,1
6905,0
6906,5
6907,8
6908,0
6909,1
6910,0
6911,5
6912,0
6913,2
6914,6
6915,6
6916,0
6917,2
6918,9
6919,5
6920,0
6921,1
6922,9
6923,1
6924,0
6925,0
6926,4
6927,9
6928,0
6929,5
6930,0
6931,1
6932,7
6933,4
6934,1
6935,0
6936,0
6937,5
6938,7
6939,0
6940,8
6941,0
6942,5
6943,3
6944,2
6945,6
6946,8
6947,9
6948,6
6949,6
6950,0
6951,6
6952,0
6953,1
6954,0
6955,8
6956,6
6957,1
6958,2
6959,3
6960,1
6961,4
6962,6
6963,6
6964,4
6965,2
6966,2
6967,0
6968,6
6969,0
6970,5
6971,8
6972,4
6973,0
6974,8
6975,2
6976,3
6977,0
6978,0
6979,1
6980,6
6981,1
6982,4
6983,2
6984,1
6985,1
6986,2
6987,4
6988,0
6989,7
6990,6
6991,3
6992,8
6993,7
6994,0
6995,1
6996,7
6997,2
6998,2
6999,6
7000,4
